﻿<?xml version="1.0"?>
<dpInst>
    <language code="0x404">
        <dpinstTitle>IT-100MU 讀卡機驅動程式安裝導引</dpinstTitle>
    
        <welcomeTitle>歡迎使用 IT-100MU 讀卡機驅動程式安裝導引!</welcomeTitle>
        <welcomeIntro>這個導引程式會協助您完成 IT-100MU 讀卡機驅動程式安裝

注意事項：

安裝過程出現警示畫面，請選擇繼續安裝驅動程式。</welcomeIntro>
    
        <eulaHeaderTitle>End User License Agreement</eulaHeaderTitle>
        <eulaYesButton>I &amp;accept this EULA</eulaYesButton>
        <eulaNoButton>I do &amp;not accept this EULA</eulaNoButton>

        <installHeaderTitle>安裝驅動程式中...</installHeaderTitle>

        <finishTitle>恭喜你! 驅動程式安裝成功.</finishTitle>
        <finishText>您可以開始使用 IT-100MU 讀卡機了.</finishText>

    </language>
    <language code="0x409">
        <dpinstTitle>IT-100MU SmartCard Reader Driver Install</dpinstTitle>
    
        <welcomeTitle>Welcome to s IT-100MU martcard reader driver install wizard!</welcomeTitle>
        <welcomeIntro>The Wizard will help you finish IT-100MU smartcard reader driver installtion.</welcomeIntro>
    
        <eulaHeaderTitle>End User License Agreement</eulaHeaderTitle>
        <eulaYesButton>I &amp;accept this EULA</eulaYesButton>
        <eulaNoButton>I do &amp;not accept this EULA</eulaNoButton>

        <installHeaderTitle>Driver installing...</installHeaderTitle>

        <finishTitle>Congratulations! You are finished installing your IT-100MU smartcard reader.</finishTitle>
        <finishText>Enjoy using the smartcard reader.</finishText>

    </language>
    <language code="0x804">
        <dpinstTitle>IT-100MU 卡片阅读机驱动程序安装导引</dpinstTitle>
    
        <welcomeTitle>欢迎使用 IT-100MU 卡片阅读机驱动程序安装导引!</welcomeTitle>
        <welcomeIntro>这个导引程序会协助您完成 IT-100MU 卡片阅读机驱动程序安装.</welcomeIntro>
    
        <eulaHeaderTitle>End User License Agreement</eulaHeaderTitle>
        <eulaYesButton>I &amp;accept this EULA</eulaYesButton>
        <eulaNoButton>I do &amp;not accept this EULA</eulaNoButton>

        <installHeaderTitle>安装驱动程序中...</installHeaderTitle>

        <finishTitle>恭喜你! 驱动程序安装成功.</finishTitle>
        <finishText>您可以开始使用 IT-100MU 卡片阅读机了.</finishText>

    </language>    
    <icon>driver.ico</icon>
    <watermarkPath>driver.bmp</watermarkPath>
</dpInst>
